T,D,C, ,E,d,u,c,a,t,i,o,n, ,P,a,r,t,n,e,r, ,L,a,n,d,s,c,a,p,e, ,(,T,a,r,g,e,t,/,P,r,o,d,u,c,t,i,v,e,)
T,D,C, ,L,i,v,e, ,A,c,c,e,s,s, ,(,T,a,r,g,e,t,/,P,r,o,d,u,c,t,i,v,e,)
G,L,D,S, ,-, ,O,t,h,e,r
G,L,D,S, ,-, ,O,t,h,e,r
G,L,D,S, ,-, ,O,t,h,e,r
G,L,D,S, ,-, ,O,t,h,e,r
G,L,D,S, ,-, ,O,t,h,e,r
G,L,D,S, ,-, ,O,t,h,e,r
G,L,D,S, ,-, ,O,t,h,e,r
G,L,D,S, ,-, ,O,t,h,e,r
G,L,D,S, ,-, ,O,t,h,e,r
G,L,D,S, ,-, ,O,t,h,e,r
G,L,D,S, ,-, ,O,t,h,e,r
G,L,D,S, ,-, ,O,t,h,e,r
G,L,D,S, ,-, ,O,t,h,e,r
P,e,r,f,o,r,c,e
G,L,D,S, ,-, ,O,t,h,e,r
G,L,D,S, ,-, ,O,t,h,e,r
T,D,C, ,D,e,m,o, ,S,h,o,w,r,o,o,m, ,(,T,a,r,g,e,t,/,P,r,o,d,u,c,t,i,v,e,), ,A,M,E,R
T,D,C, ,D,e,m,o, ,S,h,o,w,r,o,o,m, ,(,T,a,r,g,e,t,/,P,r,o,d,u,c,t,i,v,e,), ,A,M,E,R
D,I,T,A
T,D,C, ,D,e,m,o, ,S,h,o,w,r,o,o,m, ,(,T,a,r,g,e,t,/,P,r,o,d,u,c,t,i,v,e,), ,A,M,E,R
T,D,C, ,D,e,m,o, ,S,h,o,w,r,o,o,m, ,(,T,a,r,g,e,t,/,P,r,o,d,u,c,t,i,v,e,), ,A,M,E,R
T,D,C, ,D,e,m,o, ,S,h,o,w,r,o,o,m, ,(,T,a,r,g,e,t,/,P,r,o,d,u,c,t,i,v,e,), ,A,M,E,R
T,D,C, ,D,e,m,o, ,S,h,o,w,r,o,o,m, ,(,T,a,r,g,e,t,/,P,r,o,d,u,c,t,i,v,e,), ,A,M,E,R
T,D,C, ,D,e,m,o, ,S,h,o,w,r,o,o,m, ,(,T,a,r,g,e,t,/,P,r,o,d,u,c,t,i,v,e,), ,A,M,E,R
T,D,C, ,D,e,m,o, ,S,h,o,w,r,o,o,m, ,(,T,a,r,g,e,t,/,P,r,o,d,u,c,t,i,v,e,), ,A,M,E,R
T,D,C, ,D,e,m,o, ,S,h,o,w,r,o,o,m, ,(,T,a,r,g,e,t,/,P,r,o,d,u,c,t,i,v,e,), ,A,P,J
A,r,t,i,f,a,c,t,o,r,y, ,(,I,n,t,e,r,n,a,l,)
J,e,n,k,i,n,s, ,a,s, ,a, ,S,e,r,v,i,c,e
A,r,t,i,f,a,c,t,o,r,y, ,(,I,n,t,e,r,n,a,l,)
J,e,n,k,i,n,s, ,a,s, ,a, ,S,e,r,v,i,c,e
A,r,t,i,f,a,c,t,o,r,y, ,(,I,n,t,e,r,n,a,l,)
J,e,n,k,i,n,s, ,a,s, ,a, ,S,e,r,v,i,c,e
A,r,t,i,f,a,c,t,o,r,y, ,(,I,n,t,e,r,n,a,l,)
J,e,n,k,i,n,s, ,a,s, ,a, ,S,e,r,v,i,c,e
A,r,t,i,f,a,c,t,o,r,y, ,(,I,n,t,e,r,n,a,l,)
J,e,n,k,i,n,s, ,a,s, ,a, ,S,e,r,v,i,c,e
A,r,t,i,f,a,c,t,o,r,y, ,(,I,n,t,e,r,n,a,l,)
J,e,n,k,i,n,s, ,a,s, ,a, ,S,e,r,v,i,c,e
A,r,t,i,f,a,c,t,o,r,y, ,(,I,n,t,e,r,n,a,l,)
J,e,n,k,i,n,s, ,a,s, ,a, ,S,e,r,v,i,c,e
P,e,r,f,o,r,c,e
P,e,r,f,o,r,c,e
P,e,r,f,o,r,c,e
T,D,C, ,D,e,m,o, ,S,h,o,w,r,o,o,m, ,(,T,a,r,g,e,t,/,P,r,o,d,u,c,t,i,v,e,), ,E,M,E,A
T,D,C, ,E,d,u,c,a,t,i,o,n, ,P,a,r,t,n,e,r, ,L,a,n,d,s,c,a,p,e, ,(,T,a,r,g,e,t,/,P,r,o,d,u,c,t,i,v,e,)
T,D,C, ,L,i,v,e, ,A,c,c,e,s,s, ,(,T,a,r,g,e,t,/,P,r,o,d,u,c,t,i,v,e,)
T,D,C, ,T,r,a,i,n,i,n,g, ,L,a,n,d,s,c,a,p,e, ,(,T,a,r,g,e,t,/,P,r,o,d,u,c,t,i,v,e,)
T,D,C, ,D,e,m,o, ,S,h,o,w,r,o,o,m, ,(,T,a,r,g,e,t,/,P,r,o,d,u,c,t,i,v,e,), ,A,M,E,R
J,e,n,k,i,n,s, ,a,s, ,a, ,S,e,r,v,i,c,e
T,D,C, ,T,r,a,i,n,i,n,g, ,L,a,n,d,s,c,a,p,e, ,(,T,a,r,g,e,t,/,P,r,o,d,u,c,t,i,v,e,)
T,D,C, ,-, ,O,t,h,e,r
J,e,n,k,i,n,s, ,a,s, ,a, ,S,e,r,v,i,c,e
T,D,C, ,T,r,a,i,n,i,n,g, ,L,a,n,d,s,c,a,p,e, ,(,T,a,r,g,e,t,/,P,r,o,d,u,c,t,i,v,e,)
T,D,C, ,T,r,a,i,n,i,n,g, ,L,a,n,d,s,c,a,p,e, ,(,T,a,r,g,e,t,/,P,r,o,d,u,c,t,i,v,e,)
T,D,C, ,T,r,a,i,n,i,n,g, ,L,a,n,d,s,c,a,p,e, ,(,T,a,r,g,e,t,/,P,r,o,d,u,c,t,i,v,e,)
T,D,C, ,T,r,a,i,n,i,n,g, ,L,a,n,d,s,c,a,p,e, ,(,T,a,r,g,e,t,/,P,r,o,d,u,c,t,i,v,e,)
T,D,C, ,T,r,a,i,n,i,n,g, ,L,a,n,d,s,c,a,p,e, ,(,T,a,r,g,e,t,/,P,r,o,d,u,c,t,i,v,e,)
T,D,C, ,T,r,a,i,n,i,n,g, ,L,a,n,d,s,c,a,p,e, ,(,T,a,r,g,e,t,/,P,r,o,d,u,c,t,i,v,e,)
T,D,C, ,T,r,a,i,n,i,n,g, ,L,a,n,d,s,c,a,p,e, ,(,T,a,r,g,e,t,/,P,r,o,d,u,c,t,i,v,e,)
A,r,t,i,f,a,c,t,o,r,y, ,(,I,n,t,e,r,n,a,l,)
A,r,t,i,f,a,c,t,o,r,y, ,(,I,n,t,e,r,n,a,l,)
A,r,t,i,f,a,c,t,o,r,y, ,(,I,n,t,e,r,n,a,l,)
T,D,C, ,D,e,m,o, ,S,h,o,w,r,o,o,m, ,(,T,a,r,g,e,t,/,P,r,o,d,u,c,t,i,v,e,), ,A,M,E,R
T,D,C, ,D,e,m,o, ,S,h,o,w,r,o,o,m, ,(,T,a,r,g,e,t,/,P,r,o,d,u,c,t,i,v,e,), ,A,M,E,R
T,D,C, ,D,e,m,o, ,S,h,o,w,r,o,o,m, ,(,T,a,r,g,e,t,/,P,r,o,d,u,c,t,i,v,e,), ,A,M,E,R
T,D,C, ,D,e,m,o, ,S,h,o,w,r,o,o,m, ,(,T,a,r,g,e,t,/,P,r,o,d,u,c,t,i,v,e,), ,A,M,E,R
T,D,C, ,D,e,m,o, ,S,h,o,w,r,o,o,m, ,(,T,a,r,g,e,t,/,P,r,o,d,u,c,t,i,v,e,), ,A,M,E,R
T,D,C, ,D,e,m,o, ,S,h,o,w,r,o,o,m, ,(,T,a,r,g,e,t,/,P,r,o,d,u,c,t,i,v,e,), ,A,M,E,R
T,D,C, ,D,e,m,o, ,S,h,o,w,r,o,o,m, ,(,T,a,r,g,e,t,/,P,r,o,d,u,c,t,i,v,e,), ,A,M,E,R
T,D,C, ,D,e,m,o, ,S,h,o,w,r,o,o,m, ,(,T,a,r,g,e,t,/,P,r,o,d,u,c,t,i,v,e,), ,E,M,E,A
T,D,C, ,D,e,m,o, ,S,h,o,w,r,o,o,m, ,(,T,a,r,g,e,t,/,P,r,o,d,u,c,t,i,v,e,), ,E,M,E,A
T,D,C, ,D,e,m,o, ,S,h,o,w,r,o,o,m, ,(,T,a,r,g,e,t,/,P,r,o,d,u,c,t,i,v,e,), ,E,M,E,A
T,D,C, ,L,i,v,e, ,A,c,c,e,s,s, ,(,T,a,r,g,e,t,/,P,r,o,d,u,c,t,i,v,e,)
T,D,C, ,T,r,a,i,n,i,n,g, ,L,a,n,d,s,c,a,p,e, ,(,T,a,r,g,e,t,/,P,r,o,d,u,c,t,i,v,e,)
T,D,C, ,L,i,v,e, ,A,c,c,e,s,s, ,(,T,a,r,g,e,t,/,P,r,o,d,u,c,t,i,v,e,)
T,D,C, ,T,r,a,i,n,i,n,g, ,L,a,n,d,s,c,a,p,e, ,(,T,a,r,g,e,t,/,P,r,o,d,u,c,t,i,v,e,)
T,D,C, ,L,i,v,e, ,A,c,c,e,s,s, ,(,T,a,r,g,e,t,/,P,r,o,d,u,c,t,i,v,e,)
T,D,C, ,T,r,a,i,n,i,n,g, ,L,a,n,d,s,c,a,p,e, ,(,T,a,r,g,e,t,/,P,r,o,d,u,c,t,i,v,e,)
T,D,C, ,D,e,m,o, ,S,h,o,w,r,o,o,m, ,(,C,D,A,)
P,e,r,f,o,r,c,e
T,D,C, ,D,e,m,o, ,S,h,o,w,r,o,o,m, ,(,C,D,A,)
T,D,C, ,D,e,m,o, ,S,h,o,w,r,o,o,m, ,(,C,D,A,)
T,D,C, ,D,e,m,o, ,S,h,o,w,r,o,o,m, ,(,C,D,A,)
T,D,C, ,D,e,m,o, ,S,h,o,w,r,o,o,m, ,(,T,a,r,g,e,t,/,P,r,o,d,u,c,t,i,v,e,), ,A,M,E,R
T,D,C, ,D,e,m,o, ,S,h,o,w,r,o,o,m, ,(,T,a,r,g,e,t,/,P,r,o,d,u,c,t,i,v,e,), ,A,M,E,R
T,D,C, ,D,e,m,o, ,S,h,o,w,r,o,o,m, ,(,T,a,r,g,e,t,/,P,r,o,d,u,c,t,i,v,e,), ,A,M,E,R
T,D,C, ,D,e,m,o, ,S,h,o,w,r,o,o,m, ,(,T,a,r,g,e,t,/,P,r,o,d,u,c,t,i,v,e,), ,A,M,E,R
T,D,C, ,D,e,m,o, ,S,h,o,w,r,o,o,m, ,(,T,a,r,g,e,t,/,P,r,o,d,u,c,t,i,v,e,), ,A,M,E,R
A,G,S, ,S,u,p,p,o,r,t, ,I,n,f,r,a,s, ,P,r,e,m,i,u,m, ,S,y,s,t,e,m,s, ,(,V,H,)
A,G,S, ,S,u,p,p,o,r,t, ,I,n,f,r,a,s, ,P,r,e,m,i,u,m, ,S,y,s,t,e,m,s, ,(,V,H,)
T,D,C, ,L,i,v,e, ,A,c,c,e,s,s, ,(,T,a,r,g,e,t,/,P,r,o,d,u,c,t,i,v,e,)
J,e,n,k,i,n,s, ,a,s, ,a, ,S,e,r,v,i,c,e
J,e,n,k,i,n,s, ,a,s, ,a, ,S,e,r,v,i,c,e
G,L,D,S, ,-, ,O,t,h,e,r
T,D,C, ,D,e,m,o, ,S,h,o,w,r,o,o,m, ,(,T,a,r,g,e,t,/,P,r,o,d,u,c,t,i,v,e,), ,A,P,J
G,L,D,S, ,-, ,O,t,h,e,r
G,L,D,S, ,-, ,O,t,h,e,r
G,L,D,S, ,-, ,O,t,h,e,r
G,L,D,S, ,-, ,O,t,h,e,r
G,L,D,S, ,-, ,O,t,h,e,r
G,L,D,S, ,-, ,O,t,h,e,r
G,L,D,S, ,-, ,O,t,h,e,r
G,L,D,S, ,-, ,O,t,h,e,r
G,L,D,S, ,-, ,O,t,h,e,r
G,L,D,S, ,-, ,O,t,h,e,r
T,D,C, ,D,e,m,o, ,S,h,o,w,r,o,o,m, ,(,T,a,r,g,e,t,/,P,r,o,d,u,c,t,i,v,e,), ,A,M,E,R
G,L,D,S, ,-, ,O,t,h,e,r
T,D,C, ,D,e,m,o, ,S,h,o,w,r,o,o,m, ,(,T,a,r,g,e,t,/,P,r,o,d,u,c,t,i,v,e,), ,A,M,E,R
T,D,C, ,D,e,m,o, ,S,h,o,w,r,o,o,m, ,(,T,a,r,g,e,t,/,P,r,o,d,u,c,t,i,v,e,), ,A,M,E,R
T,D,C, ,D,e,m,o, ,S,h,o,w,r,o,o,m, ,(,T,a,r,g,e,t,/,P,r,o,d,u,c,t,i,v,e,), ,A,M,E,R
J,e,n,k,i,n,s, ,a,s, ,a, ,S,e,r,v,i,c,e
G,L,D,S, ,-, ,O,t,h,e,r
G,L,D,S, ,-, ,O,t,h,e,r
G,L,D,S, ,-, ,O,t,h,e,r
J,e,n,k,i,n,s, ,a,s, ,a, ,S,e,r,v,i,c,e
J,e,n,k,i,n,s, ,a,s, ,a, ,S,e,r,v,i,c,e
J,e,n,k,i,n,s, ,a,s, ,a, ,S,e,r,v,i,c,e
J,e,n,k,i,n,s, ,a,s, ,a, ,S,e,r,v,i,c,e
J,e,n,k,i,n,s, ,a,s, ,a, ,S,e,r,v,i,c,e
T,D,C, ,D,e,m,o, ,S,h,o,w,r,o,o,m, ,(,T,a,r,g,e,t,/,P,r,o,d,u,c,t,i,v,e,), ,A,M,E,R
J,e,n,k,i,n,s, ,a,s, ,a, ,S,e,r,v,i,c,e
J,e,n,k,i,n,s, ,a,s, ,a, ,S,e,r,v,i,c,e
G,L,D,S, ,-, ,O,t,h,e,r
J,e,n,k,i,n,s, ,a,s, ,a, ,S,e,r,v,i,c,e
J,e,n,k,i,n,s, ,a,s, ,a, ,S,e,r,v,i,c,e
J,e,n,k,i,n,s, ,a,s, ,a, ,S,e,r,v,i,c,e
J,e,n,k,i,n,s, ,a,s, ,a, ,S,e,r,v,i,c,e
J,e,n,k,i,n,s, ,a,s, ,a, ,S,e,r,v,i,c,e
J,e,n,k,i,n,s, ,a,s, ,a, ,S,e,r,v,i,c,e
G,I,T
J,e,n,k,i,n,s, ,a,s, ,a, ,S,e,r,v,i,c,e
J,e,n,k,i,n,s, ,a,s, ,a, ,S,e,r,v,i,c,e
T,D,C, ,D,e,m,o, ,S,h,o,w,r,o,o,m, ,(,T,a,r,g,e,t,/,P,r,o,d,u,c,t,i,v,e,), ,A,M,E,R
T,D,C, ,D,e,m,o, ,S,h,o,w,r,o,o,m, ,(,T,a,r,g,e,t,/,P,r,o,d,u,c,t,i,v,e,), ,A,P,J
T,D,C, ,D,e,m,o, ,S,h,o,w,r,o,o,m, ,(,C,D,A,)
T,D,C, ,D,e,m,o, ,S,h,o,w,r,o,o,m, ,(,T,a,r,g,e,t,/,P,r,o,d,u,c,t,i,v,e,), ,E,M,E,A
T,D,C, ,D,e,m,o, ,S,h,o,w,r,o,o,m, ,(,C,D,A,)
T,D,C, ,D,e,m,o, ,S,h,o,w,r,o,o,m, ,(,T,a,r,g,e,t,/,P,r,o,d,u,c,t,i,v,e,), ,E,M,E,A
J,e,n,k,i,n,s, ,a,s, ,a, ,S,e,r,v,i,c,e
J,e,n,k,i,n,s, ,a,s, ,a, ,S,e,r,v,i,c,e
J,e,n,k,i,n,s, ,a,s, ,a, ,S,e,r,v,i,c,e
J,e,n,k,i,n,s, ,a,s, ,a, ,S,e,r,v,i,c,e
J,e,n,k,i,n,s, ,a,s, ,a, ,S,e,r,v,i,c,e
G,L,D,S, ,-, ,O,t,h,e,r
G,L,D,S, ,-, ,O,t,h,e,r
G,L,D,S, ,-, ,O,t,h,e,r
G,L,D,S, ,-, ,O,t,h,e,r
J,e,n,k,i,n,s, ,a,s, ,a, ,S,e,r,v,i,c,e
G,L,D,S, ,-, ,O,t,h,e,r
G,L,D,S, ,-, ,O,t,h,e,r
G,L,D,S, ,-, ,O,t,h,e,r
T,D,C, ,D,e,m,o, ,S,h,o,w,r,o,o,m, ,(,T,a,r,g,e,t,/,P,r,o,d,u,c,t,i,v,e,), ,E,M,E,A
G,L,D,S, ,-, ,O,t,h,e,r
G,L,D,S, ,-, ,O,t,h,e,r
T,D,C, ,D,e,m,o, ,S,h,o,w,r,o,o,m, ,(,T,a,r,g,e,t,/,P,r,o,d,u,c,t,i,v,e,), ,E,M,E,A
T,D,C, ,D,e,m,o, ,S,h,o,w,r,o,o,m, ,(,T,a,r,g,e,t,/,P,r,o,d,u,c,t,i,v,e,), ,E,M,E,A
G,L,D,S, ,-, ,O,t,h,e,r
G,L,D,S, ,-, ,O,t,h,e,r
G,L,D,S, ,-, ,O,t,h,e,r
G,L,D,S, ,-, ,O,t,h,e,r
G,L,D,S, ,-, ,O,t,h,e,r
G,L,D,S, ,-, ,O,t,h,e,r
G,L,D,S, ,-, ,O,t,h,e,r
G,L,D,S, ,-, ,O,t,h,e,r
G,L,D,S, ,-, ,O,t,h,e,r
G,L,D,S, ,-, ,O,t,h,e,r
G,L,D,S, ,-, ,O,t,h,e,r
T,D,C, ,D,e,m,o, ,S,h,o,w,r,o,o,m, ,(,T,a,r,g,e,t,/,P,r,o,d,u,c,t,i,v,e,), ,E,M,E,A
T,D,C, ,D,e,m,o, ,S,h,o,w,r,o,o,m, ,(,T,a,r,g,e,t,/,P,r,o,d,u,c,t,i,v,e,), ,E,M,E,A
G,I,T
A,G,S, ,S,u,p,p,o,r,t, ,I,n,f,r,a,s, ,P,r,e,m,i,u,m, ,S,y,s,t,e,m,s, ,(,V,H,)
A,G,S, ,S,u,p,p,o,r,t, ,I,n,f,r,a,s, ,P,r,e,m,i,u,m, ,S,y,s,t,e,m,s, ,(,V,H,)
A,G,S, ,S,u,p,p,o,r,t, ,I,n,f,r,a,s, ,P,r,e,m,i,u,m, ,S,y,s,t,e,m,s, ,(,V,H,)
A,G,S, ,S,u,p,p,o,r,t, ,I,n,f,r,a,s, ,P,r,e,m,i,u,m, ,S,y,s,t,e,m,s, ,(,V,H,)
A,G,S, ,S,u,p,p,o,r,t, ,I,n,f,r,a,s, ,P,r,e,m,i,u,m, ,S,y,s,t,e,m,s, ,(,V,H,)
A,G,S, ,S,u,p,p,o,r,t, ,I,n,f,r,a,s, ,P,r,e,m,i,u,m, ,S,y,s,t,e,m,s, ,(,V,H,)
A,r,t,i,f,a,c,t,o,r,y, ,(,I,n,t,e,r,n,a,l,)
D,I,T,A
D,I,T,A
G,I,T
G,I,T
T,D,C, ,D,e,m,o, ,S,h,o,w,r,o,o,m, ,(,C,D,A,)
D,I,T,A
G,I,T
G,I,T
A,G,S, ,S,u,p,p,o,r,t, ,I,n,f,r,a,s, ,P,r,e,m,i,u,m, ,S,y,s,t,e,m,s, ,(,V,H,)
T,D,C, ,D,e,m,o, ,S,h,o,w,r,o,o,m, ,(,C,D,A,)
J,e,n,k,i,n,s, ,a,s, ,a, ,S,e,r,v,i,c,e
J,e,n,k,i,n,s, ,a,s, ,a, ,S,e,r,v,i,c,e
A,G,S, ,S,u,p,p,o,r,t, ,I,n,f,r,a,s, ,P,r,e,m,i,u,m, ,S,y,s,t,e,m,s, ,(,V,H,)
A,r,t,i,f,a,c,t,o,r,y, ,(,I,n,t,e,r,n,a,l,)
A,r,t,i,f,a,c,t,o,r,y, ,(,I,n,t,e,r,n,a,l,)
A,G,S, ,S,u,p,p,o,r,t, ,I,n,f,r,a,s, ,P,r,e,m,i,u,m, ,S,y,s,t,e,m,s, ,(,V,H,)
A,G,S, ,S,u,p,p,o,r,t, ,I,n,f,r,a,s, ,P,r,e,m,i,u,m, ,S,y,s,t,e,m,s, ,(,V,H,)
A,r,t,i,f,a,c,t,o,r,y, ,(,I,n,t,e,r,n,a,l,)
T,D,C, ,D,e,m,o, ,S,h,o,w,r,o,o,m, ,(,C,D,A,)
T,D,C, ,D,e,m,o, ,S,h,o,w,r,o,o,m, ,(,T,a,r,g,e,t,/,P,r,o,d,u,c,t,i,v,e,), ,A,M,E,R
T,D,C, ,-, ,O,t,h,e,r
A,r,t,i,f,a,c,t,o,r,y, ,(,I,n,t,e,r,n,a,l,)
A,G,S, ,S,u,p,p,o,r,t, ,I,n,f,r,a,s, ,P,r,e,m,i,u,m, ,S,y,s,t,e,m,s, ,(,V,H,)
A,G,S, ,S,u,p,p,o,r,t, ,I,n,f,r,a,s, ,P,r,e,m,i,u,m, ,S,y,s,t,e,m,s, ,(,V,H,)
A,r,t,i,f,a,c,t,o,r,y, ,(,I,n,t,e,r,n,a,l,)
A,r,t,i,f,a,c,t,o,r,y, ,(,I,n,t,e,r,n,a,l,)
A,G,S, ,S,u,p,p,o,r,t, ,I,n,f,r,a,s, ,P,r,e,m,i,u,m, ,S,y,s,t,e,m,s, ,(,V,H,)
A,G,S, ,S,u,p,p,o,r,t, ,I,n,f,r,a,s, ,P,r,e,m,i,u,m, ,S,y,s,t,e,m,s, ,(,V,H,)
A,r,t,i,f,a,c,t,o,r,y, ,(,I,n,t,e,r,n,a,l,)
G,L,D,S, ,-, ,O,t,h,e,r
G,L,D,S, ,-, ,O,t,h,e,r
A,G,S, ,S,u,p,p,o,r,t, ,I,n,f,r,a,s, ,P,r,e,m,i,u,m, ,S,y,s,t,e,m,s, ,(,V,H,)
A,G,S, ,S,u,p,p,o,r,t, ,I,n,f,r,a,s, ,P,r,e,m,i,u,m, ,S,y,s,t,e,m,s, ,(,V,H,)
T,D,C, ,D,e,m,o, ,S,h,o,w,r,o,o,m, ,(,C,D,A,)
T,D,C, ,D,e,m,o, ,S,h,o,w,r,o,o,m, ,(,C,D,A,)
H,A,N,A, ,B,u,i,l,d
H,A,N,A, ,B,u,i,l,d
I,B,S,O,_,I,N,T
T,D,C, ,-, ,O,t,h,e,r
T,D,C, ,-, ,O,t,h,e,r
G,I,T
G,I,T
G,I,T
H,A,N,A, ,B,u,i,l,d
H,A,N,A, ,B,u,i,l,d
H,A,N,A, ,B,u,i,l,d
H,A,N,A, ,B,u,i,l,d
H,A,N,A, ,B,u,i,l,d
H,A,N,A, ,B,u,i,l,d
G,I,T
J,e,n,k,i,n,s, ,a,s, ,a, ,S,e,r,v,i,c,e
J,e,n,k,i,n,s, ,a,s, ,a, ,S,e,r,v,i,c,e
T,D,C, ,-, ,O,t,h,e,r
A,r,t,i,f,a,c,t,o,r,y, ,(,I,n,t,e,r,n,a,l,)
A,r,t,i,f,a,c,t,o,r,y, ,(,I,n,t,e,r,n,a,l,)
A,r,t,i,f,a,c,t,o,r,y, ,(,I,n,t,e,r,n,a,l,)
A,r,t,i,f,a,c,t,o,r,y, ,(,I,n,t,e,r,n,a,l,)
T,D,C, ,-, ,O,t,h,e,r
G,I,T
A,G,S, ,S,u,p,p,o,r,t, ,I,n,f,r,a,s, ,P,r,e,m,i,u,m, ,S,y,s,t,e,m,s, ,(,V,H,)
A,G,S, ,S,u,p,p,o,r,t, ,I,n,f,r,a,s, ,P,r,e,m,i,u,m, ,S,y,s,t,e,m,s, ,(,V,H,)
A,G,S, ,S,u,p,p,o,r,t, ,I,n,f,r,a,s, ,P,r,e,m,i,u,m, ,S,y,s,t,e,m,s, ,(,V,H,)
A,r,t,i,f,a,c,t,o,r,y, ,(,I,n,t,e,r,n,a,l,)
A,r,t,i,f,a,c,t,o,r,y, ,(,I,n,t,e,r,n,a,l,)
A,G,S, ,S,u,p,p,o,r,t, ,I,n,f,r,a,s, ,P,r,e,m,i,u,m, ,S,y,s,t,e,m,s, ,(,V,H,)
A,G,S, ,S,u,p,p,o,r,t, ,I,n,f,r,a,s, ,P,r,e,m,i,u,m, ,S,y,s,t,e,m,s, ,(,V,H,)
G,I,T
G,I,T
T,D,C, ,D,e,m,o, ,S,h,o,w,r,o,o,m, ,(,C,D,A,)
G,I,T
A,G,S, ,S,u,p,p,o,r,t, ,I,n,f,r,a,s, ,P,r,e,m,i,u,m, ,S,y,s,t,e,m,s, ,(,V,H,)
T,D,C, ,D,e,m,o, ,S,h,o,w,r,o,o,m, ,(,C,D,A,)
T,D,C, ,D,e,m,o, ,S,h,o,w,r,o,o,m, ,(,C,D,A,)
A,r,t,i,f,a,c,t,o,r,y, ,(,I,n,t,e,r,n,a,l,)
A,G,S, ,S,u,p,p,o,r,t, ,I,n,f,r,a,s, ,P,r,e,m,i,u,m, ,S,y,s,t,e,m,s, ,(,V,H,)
A,r,t,i,f,a,c,t,o,r,y, ,(,I,n,t,e,r,n,a,l,)
A,r,t,i,f,a,c,t,o,r,y, ,(,I,n,t,e,r,n,a,l,)
A,r,t,i,f,a,c,t,o,r,y, ,(,I,n,t,e,r,n,a,l,)
A,r,t,i,f,a,c,t,o,r,y, ,(,I,n,t,e,r,n,a,l,)
A,r,t,i,f,a,c,t,o,r,y, ,(,I,n,t,e,r,n,a,l,)
A,r,t,i,f,a,c,t,o,r,y, ,(,I,n,t,e,r,n,a,l,)
A,r,t,i,f,a,c,t,o,r,y, ,(,I,n,t,e,r,n,a,l,)
A,r,t,i,f,a,c,t,o,r,y, ,(,I,n,t,e,r,n,a,l,)
G,I,T
G,I,T
A,r,t,i,f,a,c,t,o,r,y, ,(,I,n,t,e,r,n,a,l,)
G,I,T
H,A,N,A, ,B,u,i,l,d
H,A,N,A, ,B,u,i,l,d
H,A,N,A, ,B,u,i,l,d
H,A,N,A, ,B,u,i,l,d
G,I,T
G,I,T
A,r,t,i,f,a,c,t,o,r,y, ,(,I,n,t,e,r,n,a,l,)
H,A,N,A, ,B,u,i,l,d
H,A,N,A, ,B,u,i,l,d
A,r,t,i,f,a,c,t,o,r,y, ,(,I,n,t,e,r,n,a,l,)
D,I,T,A
D,I,T,A
A,r,t,i,f,a,c,t,o,r,y, ,(,I,n,t,e,r,n,a,l,)
A,G,S, ,S,u,p,p,o,r,t, ,I,n,f,r,a,s, ,P,r,e,m,i,u,m, ,S,y,s,t,e,m,s, ,(,V,H,)
A,G,S, ,S,u,p,p,o,r,t, ,I,n,f,r,a,s, ,P,r,e,m,i,u,m, ,S,y,s,t,e,m,s, ,(,V,H,)
A,G,S, ,S,u,p,p,o,r,t, ,I,n,f,r,a,s, ,P,r,e,m,i,u,m, ,S,y,s,t,e,m,s, ,(,V,H,)
G,L,D,S, ,-, ,O,t,h,e,r
G,L,D,S, ,-, ,O,t,h,e,r
G,L,D,S, ,-, ,O,t,h,e,r
G,L,D,S, ,-, ,O,t,h,e,r
A,r,t,i,f,a,c,t,o,r,y, ,(,I,n,t,e,r,n,a,l,)
A,r,t,i,f,a,c,t,o,r,y, ,(,I,n,t,e,r,n,a,l,)
A,r,t,i,f,a,c,t,o,r,y, ,(,I,n,t,e,r,n,a,l,)
A,r,t,i,f,a,c,t,o,r,y, ,(,I,n,t,e,r,n,a,l,)
A,r,t,i,f,a,c,t,o,r,y, ,(,I,n,t,e,r,n,a,l,)
D,I,T,A
A,G,S, ,S,u,p,p,o,r,t, ,I,n,f,r,a,s, ,P,r,e,m,i,u,m, ,S,y,s,t,e,m,s, ,(,V,H,)
A,G,S, ,S,u,p,p,o,r,t, ,I,n,f,r,a,s, ,P,r,e,m,i,u,m, ,S,y,s,t,e,m,s, ,(,V,H,)
A,G,S, ,S,u,p,p,o,r,t, ,I,n,f,r,a,s, ,P,r,e,m,i,u,m, ,S,y,s,t,e,m,s, ,(,V,H,)
A,r,t,i,f,a,c,t,o,r,y, ,(,I,n,t,e,r,n,a,l,)
T,D,C, ,-, ,O,t,h,e,r
A,G,S, ,S,u,p,p,o,r,t, ,I,n,f,r,a,s, ,P,r,e,m,i,u,m, ,S,y,s,t,e,m,s, ,(,V,H,)
A,G,S, ,S,u,p,p,o,r,t, ,I,n,f,r,a,s, ,P,r,e,m,i,u,m, ,S,y,s,t,e,m,s, ,(,V,H,)
A,G,S, ,S,u,p,p,o,r,t, ,I,n,f,r,a,s, ,P,r,e,m,i,u,m, ,S,y,s,t,e,m,s, ,(,V,H,)
A,G,S, ,S,u,p,p,o,r,t, ,I,n,f,r,a,s, ,P,r,e,m,i,u,m, ,S,y,s,t,e,m,s, ,(,V,H,)
A,G,S, ,S,u,p,p,o,r,t, ,I,n,f,r,a,s, ,P,r,e,m,i,u,m, ,S,y,s,t,e,m,s, ,(,V,H,)
A,G,S, ,S,u,p,p,o,r,t, ,I,n,f,r,a,s, ,P,r,e,m,i,u,m, ,S,y,s,t,e,m,s, ,(,V,H,)
A,G,S, ,S,u,p,p,o,r,t, ,I,n,f,r,a,s, ,P,r,e,m,i,u,m, ,S,y,s,t,e,m,s, ,(,V,H,)
A,r,t,i,f,a,c,t,o,r,y, ,(,I,n,t,e,r,n,a,l,)
A,r,t,i,f,a,c,t,o,r,y, ,(,I,n,t,e,r,n,a,l,)
A,r,t,i,f,a,c,t,o,r,y, ,(,I,n,t,e,r,n,a,l,)
A,r,t,i,f,a,c,t,o,r,y, ,(,I,n,t,e,r,n,a,l,)
A,r,t,i,f,a,c,t,o,r,y, ,(,I,n,t,e,r,n,a,l,)
A,r,t,i,f,a,c,t,o,r,y, ,(,I,n,t,e,r,n,a,l,)
